Dilution,Volume,1,2
Blank,0,0,0
1,1,,
2,0.5,,
4,0.25,1.41,1.42
8,0.125,0.78,0.79
16,0.0625,0.41,0.41
32,0.03125,0.21,0.21
64,0.015625,0.1,0.11
128,0.0078125,0.07,0.08
256,0.00390625,0.03,0.02
